,Link,ThemeName
0,http://jekyllthemes.org/themes/memoirs-jekyll-theme/,Memoirs Jekyll Theme
1,http://jekyllthemes.org/themes/SIMPLE-GREEN-TECH/,SIMPLE GREEN TECHBLOG
2,http://jekyllthemes.org/themes/Texture-Theme/,Texture
3,http://jekyllthemes.org/themes/project-negya/,pRoJEct-NeGYa
4,http://jekyllthemes.org/themes/wu-kan/,wu-kan
5,http://jekyllthemes.org/themes/LOFFER/,LOFFER
6,http://jekyllthemes.org/themes/tiffany/,Tiffany
7,http://jekyllthemes.org/themes/Minimal-Resume/,Minimal Resume
8,http://jekyllthemes.org/themes/panthera-jekyll/,panthera-jekyll
9,http://jekyllthemes.org/themes/devlopr/,Devlopr
10,http://jekyllthemes.org/themes/PlainWhite-Jekyll/,Plainwhite
11,http://jekyllthemes.org/themes/jekyll-theme-console/,jekyll-theme-console
12,http://jekyllthemes.org/themes/bulma-clean-theme/,Bulma Clean Theme
13,http://jekyllthemes.org/themes/hydrogen/,Hydrogen
14,http://jekyllthemes.org/themes/true-minimal/,True Minimal
15,http://jekyllthemes.org/themes/mundana-jekyll-theme/,Mundana Jekyll Theme
16,http://jekyllthemes.org/themes/HardCandy-Jekyll/,HardCandy-Jekyll
17,http://jekyllthemes.org/themes/barber/,Barber
18,http://jekyllthemes.org/themes/jekyll-blogfolio/,Jekyll BlogFolio Theme
19,http://jekyllthemes.org/themes/jekyll-theme-prologue/,Prologue
20,http://jekyllthemes.org/page2/themes/minimal-text/,Minimal Text
21,http://jekyllthemes.org/page2/themes/hacker-blog/,Hacker Blog
22,http://jekyllthemes.org/page2/themes/jekyll-help-center-theme/,Jekyll Help Center Theme
23,http://jekyllthemes.org/page2/themes/jekyll-material-theme/,Jekyll Material Theme
24,http://jekyllthemes.org/page2/themes/hanuman/,Hanuman
25,http://jekyllthemes.org/page2/themes/jasper2/,Jasper2
26,http://jekyllthemes.org/page2/themes/type/,Type
27,http://jekyllthemes.org/page2/themes/jekyll-pug-material/,Jekyll-Pug Material
28,http://jekyllthemes.org/page2/themes/massively/,Massively
29,http://jekyllthemes.org/page2/themes/Type-on-Strap/,Type on Strap
30,http://jekyllthemes.org/page2/themes/web-presentation/,Web-presentation
31,http://jekyllthemes.org/page2/themes/hydejack/,Hydejack
32,http://jekyllthemes.org/page2/themes/wall-e/,Wall-E
33,http://jekyllthemes.org/page2/themes/jekyll-theme-simple-blog/,Jekyll Theme Simple Blog
34,http://jekyllthemes.org/page2/themes/helium-jekyll/,Helium Jekyll
35,http://jekyllthemes.org/page2/themes/TeXt/,TeXt
36,http://jekyllthemes.org/page2/themes/Jekyll-Fractal/,Jekflix
37,http://jekyllthemes.org/page2/themes/jekflix/,Jekflix
38,http://jekyllthemes.org/page2/themes/xixia/,Xixia
39,http://jekyllthemes.org/page2/themes/windows-95/,Windows 95
40,http://jekyllthemes.org/page3/themes/flexible-jekyll/,Flexible Jekyll
41,http://jekyllthemes.org/page3/themes/adam-blog/,Adam Blog
42,http://jekyllthemes.org/page3/themes/panelcvagain/,Panel CV - V2
43,http://jekyllthemes.org/page3/themes/materialize/,Jekyll Materialize
44,http://jekyllthemes.org/page3/themes/event-jekyll-theme/,Event
45,http://jekyllthemes.org/page3/themes/Liberxue-Theme/,Liberxue Theme
46,http://jekyllthemes.org/page3/themes/JOYTOU/,JOYTOU
47,http://jekyllthemes.org/page3/themes/bef/,Bef
48,http://jekyllthemes.org/page3/themes/panelcv/,Panel CV
49,http://jekyllthemes.org/page3/themes/plain-webcomic/,Plain Webcomic
50,http://jekyllthemes.org/page3/themes/jekyll-theme-next/,NexT
51,http://jekyllthemes.org/page3/themes/JBlog/,JBlog
52,http://jekyllthemes.org/page3/themes/popuptweets/,Popup Tweets
53,http://jekyllthemes.org/page3/themes/jekyll-bulma/,Jekyll Bulma
54,http://jekyllthemes.org/page3/themes/clyell/,Clyell
55,http://jekyllthemes.org/page3/themes/hydeout/,Hydeout
56,http://jekyllthemes.org/page3/themes/jekyll-theme-mdui/,jekyll-theme-mdui
57,http://jekyllthemes.org/page3/themes/simple-texture/,Simple Texture
58,http://jekyllthemes.org/page3/themes/slate-and-simple/,Slate+Simple
59,http://jekyllthemes.org/page3/themes/portfolio-jekyll-theme/,Portfolio Jekyll Theme
60,http://jekyllthemes.org/page4/themes/jekyll-theme-h2o/,H2O
61,http://jekyllthemes.org/page4/themes/doc-theme/,Jekyll Doc Theme
62,http://jekyllthemes.org/page4/themes/millennial/,Millennial
63,http://jekyllthemes.org/page4/themes/jekyll-theme-cayman-blog/,Cayman Blog Theme
64,http://jekyllthemes.org/page4/themes/typing-jekyll-template/,Typing
65,http://jekyllthemes.org/page4/themes/sootspirits/,Soot Spirits
66,http://jekyllthemes.org/page4/themes/sweet-16/,Sweet 16
67,http://jekyllthemes.org/page4/themes/git-wiki-for-documentation/,Git-Wiki
68,http://jekyllthemes.org/page4/themes/fresh/,Fresh
69,http://jekyllthemes.org/page4/themes/Biu/,Biu
70,http://jekyllthemes.org/page4/themes/dactl/,dactl
71,http://jekyllthemes.org/page4/themes/matjek/,MatJek
72,http://jekyllthemes.org/page4/themes/mekyll/,Mekyll
73,http://jekyllthemes.org/page4/themes/basically-basic/,Basically Basic
74,http://jekyllthemes.org/page4/themes/tale/,Tale
75,http://jekyllthemes.org/page4/themes/solana/,Solana
76,http://jekyllthemes.org/page4/themes/garth/,Garth
77,http://jekyllthemes.org/page4/themes/fullit/,FullIt theme
78,http://jekyllthemes.org/page4/themes/webjeda-ashwath/,Webjeda Ashwath
79,http://jekyllthemes.org/page4/themes/simple-elegant/,Simple Elegant
80,http://jekyllthemes.org/page5/themes/Jekyll-Modern-Blog-V2/,Modern Blog Version 2
81,http://jekyllthemes.org/page5/themes/monday/,Monday
82,http://jekyllthemes.org/page5/themes/kagami/,Kagami
83,http://jekyllthemes.org/page5/themes/facebook-design/,facebook.design theme
84,http://jekyllthemes.org/page5/themes/mr-brown/,Mr.Brown
85,http://jekyllthemes.org/page5/themes/monochrome/,Monochrome
86,http://jekyllthemes.org/page5/themes/whiteglass/,whiteglass
87,http://jekyllthemes.org/page5/themes/console/,Console
88,http://jekyllthemes.org/page5/themes/blade-theme/,Blade Theme
89,http://jekyllthemes.org/page5/themes/feature-blog/,Feature Blog
90,http://jekyllthemes.org/page5/themes/CMSjekyll/,CMS-jekyll
91,http://jekyllthemes.org/page5/themes/particle/,Particle
92,http://jekyllthemes.org/page5/themes/materialbliss/,Material Bliss
93,http://jekyllthemes.org/page5/themes/textlog/,TextLog
94,http://jekyllthemes.org/page5/themes/sleek/,Sleek
95,http://jekyllthemes.org/page5/themes/Kikofri/,Kikofri
96,http://jekyllthemes.org/page5/themes/project-gaia/,Project Gaia
97,http://jekyllthemes.org/page5/themes/lagrange/,Lagrange
98,http://jekyllthemes.org/page5/themes/beNice17/,beNice17
99,http://jekyllthemes.org/page5/themes/jekyll-hilmi/,Jekyll-hilmi
100,http://jekyllthemes.org/page6/themes/ultra-minimalista/,Ultra-Minimalista
101,http://jekyllthemes.org/page6/themes/malt/,Malt
102,http://jekyllthemes.org/page6/themes/justice/,Justice
103,http://jekyllthemes.org/page6/themes/hydra/,Hydra
104,http://jekyllthemes.org/page6/themes/frisco/,Frisco
105,http://jekyllthemes.org/page6/themes/edition/,Edition
106,http://jekyllthemes.org/page6/themes/cc-urban/,CC Urban
107,http://jekyllthemes.org/page6/themes/cause/,Cause
108,http://jekyllthemes.org/page6/themes/bheema/,Webjeda Bheema
109,http://jekyllthemes.org/page6/themes/murmur/,Murmur
110,http://jekyllthemes.org/page6/themes/vision-casper-theme/,Jekyll Vision Casper Theme
111,http://jekyllthemes.org/page6/themes/leopard/,leopard
112,http://jekyllthemes.org/page6/themes/alembic/,Alembic
113,http://jekyllthemes.org/page6/themes/emping/,Emping Theme
114,http://jekyllthemes.org/page6/themes/onepage/,Onepage
115,http://jekyllthemes.org/page6/themes/papyrus-theme/,Papyrus
116,http://jekyllthemes.org/page6/themes/materialize-jekyll/,Material blog
117,http://jekyllthemes.org/page6/themes/atmos-plus/,Atmos Plus
118,http://jekyllthemes.org/page6/themes/Jekyll-Avalon/,Jekyll Avalon
119,http://jekyllthemes.org/page6/themes/hagura/,Webjeda Hagura
120,http://jekyllthemes.org/page7/themes/karna/,Webjeda Karna
121,http://jekyllthemes.org/page7/themes/chalk/,Chalk
122,http://jekyllthemes.org/page7/themes/gatok/,Webjeda Gatok
123,http://jekyllthemes.org/page7/themes/new-age/,New Age
124,http://jekyllthemes.org/page7/themes/trophy/,Trophy
125,http://jekyllthemes.org/page7/themes/Forty/,Forty (by HTML5 Up!)
126,http://jekyllthemes.org/page7/themes/ice-bear/,Ice Bear
127,http://jekyllthemes.org/page7/themes/vyaasa/,Vyaasa
128,http://jekyllthemes.org/page7/themes/online-cv/,Online CV
129,http://jekyllthemes.org/page7/themes/light-material/,Light Material
130,http://jekyllthemes.org/page7/themes/ezora/,Ezora
131,http://jekyllthemes.org/page7/themes/ttskch-theme/,TtskchTheme
132,http://jekyllthemes.org/page7/themes/smart-material-theme/,Smart Material
133,http://jekyllthemes.org/page7/themes/Jalpc-jekyll-theme/,Jalpc
134,http://jekyllthemes.org/page7/themes/project-pages/,project-pages
135,http://jekyllthemes.org/page7/themes/Less-Or-More/,Less Or More
136,http://jekyllthemes.org/page7/themes/space-jekyll-template/,Space
137,http://jekyllthemes.org/page7/themes/airspace/,Airspace
138,http://jekyllthemes.org/page7/themes/instagram-portfolio-theme/,Instagram portfolio theme
139,http://jekyllthemes.org/page7/themes/jekyll-theme-libretto/,Libretto
140,http://jekyllthemes.org/page8/themes/Jekyll-Stepbystep/,Stepbystep
141,http://jekyllthemes.org/page8/themes/researcher/,Researcher
142,http://jekyllthemes.org/page8/themes/jekyll-theme-hackcss/,Jekyll theme HackCSS
143,http://jekyllthemes.org/page8/themes/kiko-plus/,Kiko Plus
144,http://jekyllthemes.org/page8/themes/Jekyll-Mono/,Jekyll-Mono
145,http://jekyllthemes.org/page8/themes/wing/,Wing
146,http://jekyllthemes.org/page8/themes/jekyll-simple/,jekyll-simple
147,http://jekyllthemes.org/page8/themes/violet/,Violet
148,http://jekyllthemes.org/page8/themes/slides/,Webjeda Slides
149,http://jekyllthemes.org/page8/themes/voyager/,Voyager
150,http://jekyllthemes.org/page8/themes/Jalpc-A/,Jalpc-A
151,http://jekyllthemes.org/page8/themes/progress-for-jekyll/,Progress
152,http://jekyllthemes.org/page8/themes/Renge/,Renge
153,http://jekyllthemes.org/page8/themes/webjeda-cards/,Webjeda Cards
154,http://jekyllthemes.org/page8/themes/pink-theme/,pink-theme
155,http://jekyllthemes.org/page8/themes/thinkspace/,Thinkspace
156,http://jekyllthemes.org/page8/themes/jekyll-materialize-hg/,MaterializeHG Theme
157,http://jekyllthemes.org/page8/themes/ink/,Ink
158,http://jekyllthemes.org/page8/themes/jekyll-resume/,jekyll-resume
159,http://jekyllthemes.org/page8/themes/hcz-jekyll-material/,HCZ Material
160,http://jekyllthemes.org/page9/themes/limpid-minimal-theme/,Limpid Theme
161,http://jekyllthemes.org/page9/themes/jekyllDecent/,jekyllDecent
162,http://jekyllthemes.org/page9/themes/codinfox-lanyon/,Codinfox Lanyon
163,http://jekyllthemes.org/page9/themes/halve-theme/,Halve
164,http://jekyllthemes.org/page9/themes/DrJekyll/,Dr. Jekyll
165,http://jekyllthemes.org/page9/themes/safarnama/,Safarnama
166,http://jekyllthemes.org/page9/themes/aliquam/,Aliquam
167,http://jekyllthemes.org/page9/themes/taken-theme/,Taken
168,http://jekyllthemes.org/page9/themes/dasper/,Dasper
169,http://jekyllthemes.org/page9/themes/yummy-theme/,Yummy Theme
170,http://jekyllthemes.org/page9/themes/nangka/,Nangka Theme
171,http://jekyllthemes.org/page9/themes/devjournal/,DevJournal
172,http://jekyllthemes.org/page9/themes/cards-jekyll-template/,Cards
173,http://jekyllthemes.org/page9/themes/darcli/,Darcli
174,http://jekyllthemes.org/page9/themes/jacman/,Jacman
175,http://jekyllthemes.org/page9/themes/bohu-jekyll-theme/,BoHu
176,http://jekyllthemes.org/page9/themes/stack-problems/,Stack Problems
177,http://jekyllthemes.org/page9/themes/minimal-mistakes/,Minimal Mistakes
178,http://jekyllthemes.org/page9/themes/moon/,Moon
179,http://jekyllthemes.org/page9/themes/lemma-theme/,Lemma
180,http://jekyllthemes.org/page10/themes/trading/,Trading
181,http://jekyllthemes.org/page10/themes/easy-pure-blog/,简单博客
182,http://jekyllthemes.org/page10/themes/cayman-theme/,Cayman Theme
183,http://jekyllthemes.org/page10/themes/gravity/,Gravity
184,http://jekyllthemes.org/page10/themes/immaculate/,Immaculate
185,http://jekyllthemes.org/page10/themes/slender/,Slender
186,http://jekyllthemes.org/page10/themes/nice-blog/,Nice Blog
187,http://jekyllthemes.org/page10/themes/photorama/,PHOTORAMA
188,http://jekyllthemes.org/page10/themes/personal/,{ Personal }
189,http://jekyllthemes.org/page10/themes/utterson/,Utterson
190,http://jekyllthemes.org/page10/themes/blueface/,blueface
191,http://jekyllthemes.org/page10/themes/glas/,Glas
192,http://jekyllthemes.org/page10/themes/library-amoklaufer/,Library Amokläufer
193,http://jekyllthemes.org/page10/themes/ramme/,Ramme
194,http://jekyllthemes.org/page10/themes/sciblog/,Sciblog
195,http://jekyllthemes.org/page10/themes/urban/,Urban
196,http://jekyllthemes.org/page10/themes/lanyon-plus/,lanyon-plus
197,http://jekyllthemes.org/page10/themes/artist-theme/,Artist Theme
198,http://jekyllthemes.org/page10/themes/mangan/,Mangan
199,http://jekyllthemes.org/page10/themes/dekyll/,Dekyll
200,http://jekyllthemes.org/page11/themes/phantom/,Phantom
201,http://jekyllthemes.org/page11/themes/front-cover/,front-cover
202,http://jekyllthemes.org/page11/themes/spectral/,Spectral
203,http://jekyllthemes.org/page11/themes/much-worse/,Much-Worse
204,http://jekyllthemes.org/page11/themes/accent/,accent
205,http://jekyllthemes.org/page11/themes/easybook/,EasyBook
206,http://jekyllthemes.org/page11/themes/saigon/,Saigon
207,http://jekyllthemes.org/page11/themes/evento/,Evento
208,http://jekyllthemes.org/page11/themes/dark-kimochi/,Dark Kimochi
209,http://jekyllthemes.org/page11/themes/cayman-blog/,Cayman Blog
210,http://jekyllthemes.org/page11/themes/busterni-jekyll-theme/,Busterni Jekyll theme
211,http://jekyllthemes.org/page11/themes/resumecard/,resumecard
212,http://jekyllthemes.org/page11/themes/library/,Library
213,http://jekyllthemes.org/page11/themes/ed/,Ed
214,http://jekyllthemes.org/page11/themes/indigo/,Indigo
215,http://jekyllthemes.org/page11/themes/svm-ngvb/,Steve's NGVB Theme
216,http://jekyllthemes.org/page11/themes/good-clean-read/,Good Clean Read
217,http://jekyllthemes.org/page11/themes/jekyll-uno/,Jekyll-Uno
218,http://jekyllthemes.org/page11/themes/Chaplin/,Chaplin
219,http://jekyllthemes.org/page11/themes/materialize/,Materialize
220,http://jekyllthemes.org/page12/themes/little-big-blue/,Little Big Blue
221,http://jekyllthemes.org/page12/themes/sleek-blog/,Sleek Blog
222,http://jekyllthemes.org/page12/themes/millikyl/,Millikyl
223,http://jekyllthemes.org/page12/themes/simplest/,Simplest
224,http://jekyllthemes.org/page12/themes/jekmdl/,Jekmdl
225,http://jekyllthemes.org/page12/themes/wiki-blog/,Wiki Blog
226,http://jekyllthemes.org/page12/themes/two-column/,2 column Blog with Video
227,http://jekyllthemes.org/page12/themes/dotx/,dotX
228,http://jekyllthemes.org/page12/themes/fengzhichu-theme/,Fengzhichu-Theme
229,http://jekyllthemes.org/page12/themes/end2end/,end2end
230,http://jekyllthemes.org/page12/themes/documentation-theme-jekyll/,Documentation Theme for Jekyll
231,http://jekyllthemes.org/page12/themes/galileo/,Galileo
232,http://jekyllthemes.org/page12/themes/sunshine/,sunshine
233,http://jekyllthemes.org/page12/themes/butane/,Butane
234,http://jekyllthemes.org/page12/themes/MAD4Jekyll/,MAD4Jekyll
235,http://jekyllthemes.org/page12/themes/princess-diaries/,Princess Diaries
236,http://jekyllthemes.org/page12/themes/mug/,mug
237,http://jekyllthemes.org/page12/themes/YAX-Coming-soon/,YAX-Coming-soon
238,http://jekyllthemes.org/page12/themes/siera/,Siera
239,http://jekyllthemes.org/page12/themes/lora/,Lora
240,http://jekyllthemes.org/page13/themes/zetsu/,Zetsu
241,http://jekyllthemes.org/page13/themes/nandomoreira.me/,nandomoreira.me
242,http://jekyllthemes.org/page13/themes/joon/,Joon
243,http://jekyllthemes.org/page13/themes/yellowblue/,Yellowblue
244,http://jekyllthemes.org/page13/themes/dentistsmile/,dentistSmile
245,http://jekyllthemes.org/page13/themes/sustain/,Sustain
246,http://jekyllthemes.org/page13/themes/vitae/,Vitae
247,http://jekyllthemes.org/page13/themes/jasper/,Jasper
248,http://jekyllthemes.org/page13/themes/clean/,Clean
249,http://jekyllthemes.org/page13/themes/idk/,idk
250,http://jekyllthemes.org/page13/themes/gridster/,Gridster
251,http://jekyllthemes.org/page13/themes/modernblog/,ModernBlog
252,http://jekyllthemes.org/page13/themes/creative-theme/,creative theme
253,http://jekyllthemes.org/page13/themes/paper/,Paper
254,http://jekyllthemes.org/page13/themes/kiko/,Kiko
255,http://jekyllthemes.org/page13/themes/daktilo/,Daktilo
256,http://jekyllthemes.org/page13/themes/the-plain/,The Plain
257,http://jekyllthemes.org/page13/themes/stylish-portfolio/,Stylish Portfolio
258,http://jekyllthemes.org/page13/themes/neo-hpstr-jekyll-template/,Neo-HPSTR Jekyll template
259,http://jekyllthemes.org/page13/themes/guovz-pithy/,Guovz Pithy
260,http://jekyllthemes.org/page14/themes/leonids/,Leonids
261,http://jekyllthemes.org/page14/themes/book/,Book
262,http://jekyllthemes.org/page14/themes/jekyll-video/,Jekyll Video
263,http://jekyllthemes.org/page14/themes/twenty/,Twenty
264,http://jekyllthemes.org/page14/themes/strata/,Strata
265,http://jekyllthemes.org/page14/themes/resume/,Resume
266,http://jekyllthemes.org/page14/themes/read-only/,Read Only
267,http://jekyllthemes.org/page14/themes/poole/,Poole
268,http://jekyllthemes.org/page14/themes/planetjekyll-starter/,Planet Jekyll's Starter (Minimal)
269,http://jekyllthemes.org/page14/themes/modernist/,Modernist
270,http://jekyllthemes.org/page14/themes/minimal/,Minimal
271,http://jekyllthemes.org/page14/themes/linear/,Linear
272,http://jekyllthemes.org/page14/themes/lanyon/,Lanyon
273,http://jekyllthemes.org/page14/themes/jekyll-now/,Jekyll Now
274,http://jekyllthemes.org/page14/themes/ion/,Ion
275,http://jekyllthemes.org/page14/themes/hyde/,Hyde
276,http://jekyllthemes.org/page14/themes/horizons/,Horizons
277,http://jekyllthemes.org/page14/themes/estivo/,Estivo
278,http://jekyllthemes.org/page14/themes/drjekyll-minimal/,Dr Jekyll's Minimal
279,http://jekyllthemes.org/page14/themes/drjekyll-classics-book/,Dr Jekyll's Classics Book
280,http://jekyllthemes.org/page15/themes/drjekyll-bootstrap/,Dr Jekyll's Bootstrap
281,http://jekyllthemes.org/page15/themes/dopetrope/,Dopetrope
282,http://jekyllthemes.org/page15/themes/carte/,Carte
283,http://jekyllthemes.org/page15/themes/bitwiser-material/,Bitwiser Material
284,http://jekyllthemes.org/page15/themes/beautiful-jekyll/,Beautiful Jekyll
285,http://jekyllthemes.org/page15/themes/aviator/,Aviator
286,http://jekyllthemes.org/page15/themes/arcana/,Arcana
287,http://jekyllthemes.org/page15/themes/alpha/,Alpha
288,http://jekyllthemes.org/page15/themes/will-jekyll-template/,Will Jekyll Template
289,http://jekyllthemes.org/page15/themes/mickey/,Mickey
290,http://jekyllthemes.org/page15/themes/centrarium/,Centrarium
291,http://jekyllthemes.org/page15/themes/holo-alfa/,Holo Alfa
292,http://jekyllthemes.org/page15/themes/jekyll-clean-dark/,Jekyll Clean Dark
293,http://jekyllthemes.org/page15/themes/jekyll-mdl/,Jekyll Material Design Lite
294,http://jekyllthemes.org/page15/themes/folio/,*folio
295,http://jekyllthemes.org/page15/themes/docster/,Docster
296,http://jekyllthemes.org/page15/themes/jekyll-plus-materialize/,Jekyll Plus Materialize
297,http://jekyllthemes.org/page15/themes/arctic-fox/,Arctic Fox
298,http://jekyllthemes.org/page15/themes/kactus/,Kactus
299,http://jekyllthemes.org/page15/themes/HPSTRversion2/,HPSTR Version 2 - Vietnamese
300,http://jekyllthemes.org/page16/themes/cool-concise-high-end/,Cool Concise High-end
301,http://jekyllthemes.org/page16/themes/polar-bear-theme/,Polar Bear
302,http://jekyllthemes.org/page16/themes/blackdoc/,BlackDoc
303,http://jekyllthemes.org/page16/themes/twister/,Twister
304,http://jekyllthemes.org/page16/themes/pithy/,Pithy
305,http://jekyllthemes.org/page16/themes/carte-noire/,Carte Noire
306,http://jekyllthemes.org/page16/themes/one-page-wonder/,One Page Wonder
307,http://jekyllthemes.org/page16/themes/devaid/,devAid
308,http://jekyllthemes.org/page16/themes/emerald/,Emerald
309,http://jekyllthemes.org/page16/themes/feeling-responsive/,Feeling Responsive
310,http://jekyllthemes.org/page16/themes/tufte-jekyll/,Tufte-Jekyll
311,http://jekyllthemes.org/page16/themes/naringu/,Naringu
312,http://jekyllthemes.org/page16/themes/metaphor/,Metaphor
313,http://jekyllthemes.org/page16/themes/grayscale/,Grayscale
314,http://jekyllthemes.org/page16/themes/rifyll/,Rifyll
315,http://jekyllthemes.org/page16/themes/long-haul/,Long Haul
316,http://jekyllthemes.org/page16/themes/resumecards/,ResumeCards
317,http://jekyllthemes.org/page16/themes/gaya/,Gaya
318,http://jekyllthemes.org/page16/themes/travelogue/,Travelogue
319,http://jekyllthemes.org/page16/themes/compass/,Compass
320,http://jekyllthemes.org/page17/themes/type-theme/,Type Theme
321,http://jekyllthemes.org/page17/themes/minimal-block/,Minimal-block
322,http://jekyllthemes.org/page17/themes/uno-dbyll/,Uno-dbyll
323,http://jekyllthemes.org/page17/themes/freshman21/,Freshman21
324,http://jekyllthemes.org/page17/themes/opentheme/,OpenTheme
325,http://jekyllthemes.org/page17/themes/strangecase/,Strange Case
326,http://jekyllthemes.org/page17/themes/amsf/,Almace Scaffolding
327,http://jekyllthemes.org/page17/themes/jekyll-masonry/,Jekyll Masonry
328,http://jekyllthemes.org/page17/themes/autm-rb/,autm-rb
329,http://jekyllthemes.org/page17/themes/landing-page/,Landing Page
330,http://jekyllthemes.org/page17/themes/clean-blog/,Clean Blog
331,http://jekyllthemes.org/page17/themes/singlepaged/,SinglePaged
332,http://jekyllthemes.org/page17/themes/contrast/,Contrast
333,http://jekyllthemes.org/page17/themes/harmony/,Harmony
334,http://jekyllthemes.org/page17/themes/shiori/,Shiori
335,http://jekyllthemes.org/page17/themes/skinny-bones/,Skinny Bones
336,http://jekyllthemes.org/page17/themes/mediator/,Mediator
337,http://jekyllthemes.org/page17/themes/jekyll-clean/,Jekyll Clean
338,http://jekyllthemes.org/page17/themes/solid/,Solid
339,http://jekyllthemes.org/page17/themes/agency/,Agency
340,http://jekyllthemes.org/page18/themes/travelog/,Travelog
341,http://jekyllthemes.org/page18/themes/pixyll/,Pixyll
342,http://jekyllthemes.org/page18/themes/jekyllmetro/,Jekyll Metro
343,http://jekyllthemes.org/page18/themes/midnight/,Midnight
344,http://jekyllthemes.org/page18/themes/leap-day/,Leap Day
345,http://jekyllthemes.org/page18/themes/freelancer/,Freelancer
346,http://jekyllthemes.org/page18/themes/hmfaysal-notepad-theme/,HMFAYSAL Notepad Theme
347,http://jekyllthemes.org/page18/themes/bitwiser/,Bitwiser
348,http://jekyllthemes.org/page18/themes/white-paper/,White Paper
349,http://jekyllthemes.org/page18/themes/gridgallery/,GridGallery
350,http://jekyllthemes.org/page18/themes/typewriter/,Typewriter
351,http://jekyllthemes.org/page18/themes/block-log/,block-log
352,http://jekyllthemes.org/page18/themes/thunder/,Thunder
353,http://jekyllthemes.org/page18/themes/otter-pop/,Otter Pop
354,http://jekyllthemes.org/page18/themes/noita/,Noita
355,http://jekyllthemes.org/page18/themes/simpleyyt/,Simpleyyt
356,http://jekyllthemes.org/page18/themes/architect/,architect
357,http://jekyllthemes.org/page18/themes/gereksiz/,Gereksiz
358,http://jekyllthemes.org/page18/themes/incorporated/,Incorporated
359,http://jekyllthemes.org/page18/themes/wangana/,Wangana
360,http://jekyllthemes.org/page19/themes/brume/,brume
361,http://jekyllthemes.org/page19/themes/hikari/,Hikari
362,http://jekyllthemes.org/page19/themes/thinny/,Thinny
363,http://jekyllthemes.org/page19/themes/solo/,Solo (single-page)
364,http://jekyllthemes.org/page19/themes/hushaw/,hushaw
365,http://jekyllthemes.org/page19/themes/redcup/,redcup
366,http://jekyllthemes.org/page19/themes/hmfaysal-omega-theme/,HMFAYSAL OMEGA Theme
367,http://jekyllthemes.org/page19/themes/herringcove-theme/,Herring Cove
368,http://jekyllthemes.org/page19/themes/simplygrey-theme/,Simply Grey
369,http://jekyllthemes.org/page19/themes/hmfaysal-v2-theme/,HMFAYSAL V2 Theme
370,http://jekyllthemes.org/page19/themes/hmfaysal-theme/,HMFAYSAL Theme
371,http://jekyllthemes.org/page19/themes/flex/,Flex
372,http://jekyllthemes.org/page19/themes/swift/,Swift
373,http://jekyllthemes.org/page19/themes/kasper/,Kasper
374,http://jekyllthemes.org/page19/themes/exemplar/,Exemplar
375,http://jekyllthemes.org/page19/themes/dbyll/,Dbyll
376,http://jekyllthemes.org/page19/themes/rlstevenson/,RLStevenson
377,http://jekyllthemes.org/page19/themes/zebra/,Zebra
378,http://jekyllthemes.org/page19/themes/hpstr/,HPSTR
379,http://jekyllthemes.org/page19/themes/lagom/,Lagom
380,http://jekyllthemes.org/page20/themes/balzac/,Balzac
381,http://jekyllthemes.org/page20/themes/so-simple/,So Simple
382,http://jekyllthemes.org/page20/themes/slate/,Slate
383,http://jekyllthemes.org/page20/themes/left/,Left
384,http://jekyllthemes.org/page20/themes/solar/,Solar
385,http://jekyllthemes.org/page20/themes/marat/,Marat
386,http://jekyllthemes.org/page20/themes/scribble/,Scribble
