Serial No,Topic,Also In,About Blog,Blog
1, Chiq A Posh | Fashion and Beauty Blog ,https://blog.feedspot.com/pakistan_blogs//lifestyle_blogs/,Blog Chiq a Posh is a Fashion & Beauty blog.,https://chiqaposh.com/
2, Tech Bitcoin ,https://blog.feedspot.com/pakistan_blogs//bitcoin_youtube_channels/,Tech Bitcoin is one of the greatest youtube channel which you must follow for bitcoin updates.,https://www.youtube.com/channel/UCum7FjI_CrPILak9QV_cFXA/videos
3, Onlinedarsiquran ,https://blog.feedspot.com/pakistan_blogs//islam_blog/,"Onlinedarsiquran is a platform that tells everything about Islam, through, Nasihat, Bayanat, Waqya, Ayaat, Naat, Dua and more.",https://onlinedarsiquran.blogspot.com
4, Right To Education Pakistan Blog ,https://blog.feedspot.com/pakistan_blogs//pakistan_education_blogs/,Right To Education Pakistan is an organization dedicated to making sure that the state provides free and compulsory education to all children in Pakistan.,http://rtepakistan.org/blog/
5, Organic Home Gardening ,https://blog.feedspot.com/pakistan_blogs//gardening_youtube_channels/,Grow and Treat Home Plants Naturally.,https://www.youtube.com/channel/UCGiaNlxgQPjw9Oad5TFzplg/videos
6, GraphicsPSD ,https://blog.feedspot.com/pakistan_blogs//graphic_design_youtube_channels/,"Graphicspsd is a YouTube channel about Graphic Design Resources and learning new adob illustrator, photoshop and designing techniques.",https://www.youtube.com/channel/UC_0sxIsrglk4hkGn4xLA4Dg/videos
7, Pakistan Super League 2020 ,https://blog.feedspot.com/pakistan_blogs//cricket_blogs/,Keep up with articles from Pakistan Super League 2020 Frequency 23 posts / yearAlso in Cricket Blogs Blog pakistansuperleague-psl.,https://pakistansuperleague-psl.com/
8, Fizzy's fashion & Beauty! ,https://blog.feedspot.com/pakistan_blogs//asian_beauty_blogs/,"A blog beauty makeup, skincare, fashion all things beautiful!Also in Asian Beauty Blogs Blog fabiliscious.",https://fabiliscious.blogspot.com/
9, Cooking with Asifa ,https://blog.feedspot.com/pakistan_blogs//food_youtube_channels/,"To make high-quality cooking videos, step by step tutorials and a perfect source of recipes, with an aim to increase human knowledge, cooking skills, wealth, health and improving the food related business by applying this very tasty n' economical recipe formulas anywhere in the world.",https://www.youtube.com/channel/UCgtR6dyT6QlKk-Mxx4gvyjw/videos
10, Technology Well ,https://blog.feedspot.com/pakistan_blogs//technology_blogs/,"You will be able to explore the latest news on gadgets, technology, gaming, infosec and many more.",https://technologywell.com/
11, the Wallet ,https://blog.feedspot.com/pakistan_blogs//asian_news_websites/,"Find latest Pakistan business news update and events about technology, business, industry, economy, world, stock exchange and finance today.",https://www.thewallet.com.pk/
12, Cricket News ,https://blog.feedspot.com/pakistan_blogs//cricket_youtube_channels/,We uploads all matches highlights of National T20 cup 2017.,https://www.youtube.com/channel/UC2Gk4whjjLB5Eha3R7XGB_A/videos
13, Cook Bright ,https://blog.feedspot.com/pakistan_blogs//asian_food_youtube_channels/,"Hi, my name is Amna and I love cooking.",https://www.youtube.com/channel/UCg68owzQKL-tD2RUIUApZ0w/videos
14, MehrAble ,https://blog.feedspot.com/pakistan_blogs//mobile_blogs/,"MehrAble provides the latest tech news, Technology news, Games, mobile phones, laptops, reviews, software updates, video games, internet & other technology Frequency 9 posts / dayAlso in Mobile Blogs Blog mehrable.",https://mehrable.com/
15, Heal Rest ,https://blog.feedspot.com/pakistan_blogs//health_youtube_channels/,"In this channel, I will talk about health issues such as Diet plan, Weight loss, Body Fitness, Mind Relaxation.",https://www.youtube.com/channel/UCc0hRETwtRM0SfzyR7KP_Jg/videos
16, Behtareen | Pakistani Movies ,https://blog.feedspot.com/pakistan_blogs//asian_movies_blogs/,Behtareen.,https://www.behtareen.pk/category/movies/
17, Dental News Pakistan » Coronavirus ,https://blog.feedspot.com/pakistan_blogs//coronavirus_blogs/,Dental News is a widely read dental periodical nationally and internationally.,https://www.dentalnewspk.com/?s=coronavirus&search_button=Search
18, HotelBookingPk ,https://blog.feedspot.com/pakistan_blogs//hotel_blogs/,Easy online hotel booking with direct hotel guesthouse guestroom resthouse contact.,https://hotelbookingpk.com/blog/
19, Ptv Sports Official ,https://blog.feedspot.com/pakistan_blogs//sports_youtube_channels/,Ptv Sports Official is the official sports channel of Pakistan.,https://www.youtube.com/channel/UC0KT03NPnN-j4HGzetW9Lpw/videos
20, Dental News Pakistan ,https://blog.feedspot.com/pakistan_blogs//medical_news_websites/,Pakistan's latest news from dentistry & beyond.,https://www.dentalnewspk.com/
21, Visualistan ,https://blog.feedspot.com/pakistan_blogs//infographic_blogs/,"Visualistan is an infographic community that covers exclusive infographics, with a wide range of topics.",https://www.visualistan.com/
22, Civil Click ,https://blog.feedspot.com/pakistan_blogs//civil_engineering_blogs/,This site is for all fresh civil engineers to gain practical knowledge related to civil engineering in the form of Articles and posts.,https://www.civilclick.com/category/civil-engineering-posts/
23, Maymays69 ,https://blog.feedspot.com/pakistan_blogs//memes_youtube_channels/,Enjoy the videos and get daily memes from this channel.,https://www.youtube.com/channel/UC6lrBH8vOgxAlJDpNlaGhkQ/videos
24, Bitcoin Tips In Urdu ,https://blog.feedspot.com/pakistan_blogs//textile_blogs/,"Free Earning tips, tricks, fun and more videos.",https://www.youtube.com/channel/UC93Tdkf273O6Y7Hw2W5Uf_A/videos
25," Textiles Update - Textile Industry Materials, Technologies & Events News ",https://blog.feedspot.com/pakistan_blogs//textile_blogs/,TextilesUpdate is a comprehensive online resource for the textile industry.,http://textilesupdate.com/
26, Live Healthy Life ,https://blog.feedspot.com/pakistan_blogs//healthy_lifestyle_youtube_channels/,Live healthy life is a health channel.,https://www.youtube.com/channel/UC0Mpd1WnxCz9PXCZZjBVGOQ/videos
27, ABC of Networks ,https://blog.feedspot.com/pakistan_blogs//telecom_blogs/,"The aim of ABC of Networks is to share high-quality, technical and accurate definitions and articles related to telecommunication and networking.",https://www.abcofnetworks.com
28, Ghazal Cloth Store ,https://blog.feedspot.com/pakistan_blogs//fashion-blogs/,Best stuff quality suits for women at affordable Prices.,https://ghazalclothestore.com/blog/
29, Mathematics Videos ,https://blog.feedspot.com/pakistan_blogs//maths_youtube_channels/,"This channel is made for Mathematics, Physics and Engineering students.",https://www.youtube.com/user/MsWasif1/videos
30," Kamran Mohsin - Cyber Security, Hacking Blog ",https://blog.feedspot.com/pakistan_blogs//hacker_blogs/,This blog delivers best of its resources to the end readers.,https://www.kamranmohsin.com/
31, Weight Training Hub | All about Weight Training ,https://blog.feedspot.com/pakistan_blogs//fitness_blogs/,"Build a Stronger, Healthier Body.",http://weighttraininghub.com/
32, BusiTips ,https://blog.feedspot.com/pakistan_blogs//business_blogs/,Join the BusiTips community of entrepreneurs for the latest business tips.,https://www.busitips.com/
33, Telecom Academy ,https://blog.feedspot.com/pakistan_blogs//programming_blogs/,"Telecom Academy a blog about Telecommunication, GSM, 4G, 5G communication, Technology, Tutorials, Ebooks, Note, and much more.",http://telecom-academy.blogspot.com/
34, Programming Camp ,https://blog.feedspot.com/pakistan_blogs//programming_blogs/,"In this blog, you will find web development tutorials made with HTML, CSS, Bootstrap, and JavaScript.",https://programmingcamp1.blogspot.com
35, Chemistry,https://blog.feedspot.com/pakistan_blogs//chemistry_websites/,An Ultimate Resource for All Branches of Chemistry.,https://chemistry.com.pk/
36, Not Your Type | A Pakistani Creative Lifestyle Blog ,https://blog.feedspot.com/pakistan_blogs//muslim_lifestyle_blogs/,Welcome to Not Your Type by Areeba Siddique.,http://www.notyourtypeblog.com/
37, PUBG Rampage ,https://blog.feedspot.com/pakistan_blogs//pubg_youtube_channels/,I Upload Regular Content That Aims To Help You In A Variety Of PUBG Compilations & Keeping You Entertained.,https://www.youtube.com/channel/UCYWJVUIqRkbEQKPRUXxcO9g/videos
38, Prudential Solutions For Enterprise Success ,https://blog.feedspot.com/pakistan_blogs//consulting_blogs/,"Business Driven Technology & Management Advisory Firm offering including Management Consulting, Digital Transformation, Scaled Agile Transformation, Technology Enablement, IT Governance, Information Security Audit, Operation Outsourcing, Corporate Training, OD & HR Capacity Building.",https://www.prudsol.com/blog/
39, TechnoVets ,https://blog.feedspot.com/pakistan_blogs//veterinary_blogs/,Technovets is a place where you will learn what is the veterinary profession and how to become a Veterinarian.,https://technovets.net/
40, Yes I Can Draw ,https://blog.feedspot.com/pakistan_blogs//drawing_youtube_channels/,"In this channel, you can learn Drawing, Sketching, Painting, and Islamic Calligraphic Art Videos.",https://www.youtube.com/channel/UCRnx8m0IQtm659R2l_1birA/videos
41, Dynexcel Blog ,https://blog.feedspot.com/pakistan_blogs//ecommerce_blogs/,We specialized in Implementation of Odoo ERP/CRM solutions to SMEs and large enterprises.,http://www.dynexcel.com/blog/our-blog-1
42, hsehelpline,https://blog.feedspot.com/pakistan_blogs//health_and_safety_blogs/,A Non-Profit Organisation Committed to Promote Health & Safety Culture Throughout the World.,https://www.hsehelpline.com/
43, Hiba Magazine ,https://blog.feedspot.com/pakistan_blogs//islamic_magazines/,Our mission is to build strong Muslim homes.,http://www.hibamagazine.com/
44, See Pakistan Tours ,https://blog.feedspot.com/pakistan_blogs//asia_travel_blogs/,Learn more bout Pakistan.,https://seepakistantours.com/traval-blog/
45, Something New ,https://blog.feedspot.com/pakistan_blogs//interior_design_youtube_channels/,"Hey Guys, in this channel you will find out some different types of video .",https://www.youtube.com/channel/UCbbgUXmCq-6tsCQQmWsQkOg/videos
46, Profine-World - Office Furniture in Lahore & Islamabad ,https://blog.feedspot.com/pakistan_blogs//office_furniture_blogs/,"Profine-World offers attractive, comfortable and durable office furniture in Lahore & Islamabad for your new or existing office.",https://www.profineworld.com/blog/
47, MachineSells Blog ,https://blog.feedspot.com/pakistan_blogs//industrial_manufacturing_blogs/,MachineSells.,http://blog.machinesells.com/
48, Health Sabz | Keto Diet Blog ,https://blog.feedspot.com/pakistan_blogs//keto_diet_blogs/,"Healthsabz is the leading online source based on healthy diet, weight loss and fitness content.",https://www.healthsabz.com/category/keto-diet/
49, World Nature News ,https://blog.feedspot.com/pakistan_blogs//nature_blogs/,"World Nature News will cover everything from big questions regarding our universe to the road to mankind and how we arrived here; from understanding how life itself derive to the catastrophe that shaped our planet earth and the strange, wonderful and amazing behaviors of the species that call Planet Earth 'home'.",https://worldnaturenews.com/
50, My Earth ,https://blog.feedspot.com/pakistan_blogs//nature_youtube_channels/,Welcome to the My Earth YouTube Channel.,https://www.youtube.com/channel/UCqn2slJioLFVoepbaAi1k3w/videos
51, Med Made Sirius-ly easy! ,https://blog.feedspot.com/pakistan_blogs//pharma_youtube_channels/,Pharmacology and Forensic Medicine Frequency 30 posts / year Since Sep 2017 Also in Pharma Youtube Channels Blog youtube.,https://www.youtube.com/channel/UCIvL77ICfawZmc1fHKzW9yA/videos
52, FoodBlog ,https://blog.feedspot.com/pakistan_blogs//asian_food_blogs/,We tend to give all the informative and useful information about your favorite food.,https://fooddblog.com/
53, Ibex Media House ,https://blog.feedspot.com/pakistan_blogs//movie_blogs/,"Ibex Media House is a production house that is engaged in entertainment industry, News, Short Films, Dramas, Web Series, Reviews, Latest Stories.",https://www.ibexmediahouse.com/
54, Nutright | Weight Loss Workout Blog ,https://blog.feedspot.com/pakistan_blogs//weight-loss-blogs-health-fitness-men-women/,"Health & fitness news, food recipes, quick weight loss tips, free workout routines and much more, stay up to date with Nutright Blog.",http://nutright.com/blog/
55, Online Earn ,https://blog.feedspot.com/pakistan_blogs//money_making_blogs/,"Here we discuss ways to make money fast, as well as some home based jobs.",https://www.onlineearn.org/
56, Psychic Love Tarot ,https://blog.feedspot.com/pakistan_blogs//psychic_youtube_channels/,My Name is Jawad Bashir.,https://www.youtube.com/channel/UCWsL8UJbpS4JE8ZDDnotLGQ/videos
57, Muhammad Usman Awan | Social Activist from Pakistan ,https://blog.feedspot.com/pakistan_blogs//activist_blogs/,"Muhammad Usman Awan is a Blogger, speaker and a young activist fighting for the Cultural, Moral and religious Values of Pakistan.",http://usmanawan.com/blog/
58, GadgeTools ,https://blog.feedspot.com/pakistan_blogs//technology_youtube_channels/,"Welcome to GadgeTools, We are only try to showing latest trends and innovations.",https://www.youtube.com/channel/UCuLYskCNztiyZdHP7eEhPeQ/videos
59, TarteeleQuran | Learn Quran Online ,https://blog.feedspot.com/pakistan_blogs//muslim_women_blogs/,TarteeleQuran offers online Quran classes with Tajweed for kids and adults with male and female online Quran teachers from Arab and Non Arab countries of the world.,https://www.tarteelequran.com/
60, SooperChef Blog ,https://blog.feedspot.com/pakistan_blogs//home_cooking_blogs/,SooperChef is Pakistan's No.,https://www.sooperchef.pk/blog/
61, TechJuice | Technology News from Pakistan ,https://blog.feedspot.com/pakistan_blogs//tech_news_websites/,"Premier Pakistan technology news website with special focus on startups, entrepreneurship and consumer products.",https://www.techjuice.pk/
62, Microcontrollers Lab ,https://blog.feedspot.com/pakistan_blogs//microcontroller_blogs/,"Microcontrollers tutorials and projects, PIC microcontroller, 8051, AVR, ARDUINO, ESP32, ESP8266, Raspberry Pi and embedded systems projects and tutorials.",https://microcontrollerslab.com/
63, Zaryab gaming yt ,https://blog.feedspot.com/pakistan_blogs//gaming_youtube_channels/,Asalam o alakum this is pubg channel i I requested to all my channel subscribe and press the bell icon to get New notification my channel only pubg videos channel daily videos pubg mobile upload this channel Frequency 4 posts / quarter Since Aug 2017 Also in Gaming Youtube Channels Blog youtube.,https://www.youtube.com/channel/UCBhn18DBjRow0pMPA0Z2drg/videos
64, zlotto ,https://blog.feedspot.com/pakistan_blogs//gambling_blogs/,zlotto is your place to know some stuff about gambling and the business related to gambling in one way or other.,https://zlotto.org/blog/
65, Hafiz Habib Qadri ,https://blog.feedspot.com/pakistan_blogs//arabic_youtube_channels/,"Official Youtube Channel of islamic Singer 'Hafiz Habib Qadri' Songs in Arabic , Urdu & English , Must Subscribe the Channel for Latest Videos.",https://www.youtube.com/channel/UCfFKchSqV_5RqyCodjDt5Ug/videos
66, Oracle Solutions ,https://blog.feedspot.com/pakistan_blogs//oracle_blogs/,Oraclesolutions intends to share all the valuable knowledge and keys to relevant products of Oracle Especially Databases and ERP.,http://oraclesolutions.pk/
67, Karachi Pest Control ,https://blog.feedspot.com/pakistan_blogs//pest_control_blogs/,"Karachi Pest Control Our high-quality and professional group is based on a team of experts, quality assurance program, and universal documentation of findings and service, all of which guarantees our insect control service meets our high-quality standards.",http://karachipestcontrol.com/blog/
68, Teen Fashion | Youtube ,https://blog.feedspot.com/pakistan_blogs//teen_blogs/,"Posting hacks, tutorials, tips and tricks related to Teens, Women, Fashion, Style And Clothing Etc! Frequency 3 posts / quarter Since Nov 2016 Also in Teen Blogs Blog youtube.",https://www.youtube.com/channel/UCw1W6mfu1FtXFjMJmAGw7dA/videos
69, Nutric Food Show ,https://blog.feedspot.com/pakistan_blogs//nutrition_blogs/,"Healthy, easy recipes cooked in copper and clay pots to add their own unique health benefits in each dish.",https://nutricfoodshow.com/
70, SQL Server Learning ,https://blog.feedspot.com/pakistan_blogs//sql_youtube_channels/,Follow to Learn SQL and Tips from SQL Server Learning Frequency 4 posts / year Since Oct 2017 Also in SQL Youtube Channels Blog youtube.,https://www.youtube.com/channel/UCOd9U8cXIyA8puhkfsvRelw/videos
71, Wheeling Stunts ,https://blog.feedspot.com/pakistan_blogs//bike_stunt_youtube_channels/,Welcome to my Channel Wheeling Stunts This Channel provides videos related wheeling.,https://www.youtube.com/channel/UCesIstASHhIBP0mHpnT_bPQ/videos
72, Anabia Associate ,https://blog.feedspot.com/pakistan_blogs//real_estate_blogs/,Keep touch with Anabia Associate for Lahore's Properties Update.,http://anabiaassociate.com/news/
73, The Express Tribune Blog » Donald Trump ,https://blog.feedspot.com/pakistan_blogs//donald_trump_blogs/,"Our mission is to defend the liberal values and egalitarian traditions we believe in, and which deserve to be upheld in writing that is both informative and insightful.",https://blogs.tribune.com.pk/tag/donald-trump/
74, Bitcoins Pakistan ,https://blog.feedspot.com/pakistan_blogs//bitcoin_blogs/,Bitcoins Pakistan is a blog about Bitcoin the global P2P currency.,https://bitcoinspakistan.com/
75," Nogentech - Blog For Online Tech & Marketing Tips, Gadget Reviews ",https://blog.feedspot.com/pakistan_blogs//gadget_blogs/,"Welcome to Nogentech, a blog where you can get online tech & marketing tips, gadget reviews, mobile reviews, news and many mo Stay updated.",https://www.nogentech.org/category/gadgets-2/
